{       "old_imagenet": {        "means" : [111.27668932654558, 115.84299163319858, 104.88420063186129, 132.9687599226994],         "stds" : [1, 1, 1, 1]    },    "tresnet_mscoco" : {        "means" : [0, 0, 0, 0],        "stds" : [1, 1, 1, 1]     },    "pytorch_imagenet" : {        "means" : [0.485, 0.456, 0.406],        "stds" : [0.229, 0.224, 0.225]    },    "mi_naip_2012" : {        "means" : [0.4859063923358917, 0.4978790581226349, 0.4434129297733307, 0.5152429342269897],        "stds" : [0.16339322924613953, 0.1428724229335785, 0.11196965724229813, 0.15414316952228546]    },    "mi_naip_2014" : {        "means" : [0.48846597, 0.48721054, 0.39013042, 0.51751159],         "stds" : [0.15449247, 0.1445451 , 0.12380026, 0.16292964]    },    "mi_naip_2016" : {        "means" : [0.438489  , 0.43878138, 0.3971824 , 0.51610017],         "stds" : [0.13785139, 0.11725424, 0.09228889, 0.12674527]    },    "mi_naip_2018" : {        "means" : [0.39162663, 0.38637148, 0.35070646, 0.4721269 ],         "stds" :[0.13880075, 0.11733292, 0.09201645, 0.1398448 ]     },    "none" : {        "means" : [0, 0, 0, 0],        "stds" : [1, 1, 1, 1]     }        }